"DRG","MAJ_DX_CAT","PARTITION","DESCRIPTOR","WEIGHT","ARITH_LOS","MEAN_LOS","CUTOFF"
1.00,"01","PROCEDURAL","CRANIOTOMY AGE >17 EXCEPT FOR TRAUMA",336.37,17.30,12.20,44.00
2.00,"01","PROCEDURAL","CRANIOTOMY FOR TRAUMA AGE >17",332.33,16.40,11.30,43.00
3.00,"01","PROCEDURAL","CRANIOTOMY AGE 0-17",288.30,16.80,12.70,45.00
4.00,"01","PROCEDURAL","SPINAL PROCEDURES",245.77,14.50,9.90,42.00
5.00,"01","PROCEDURAL","EXTRACRANIAL VASCULAR PROCEDURES",152.41,7.10,5.50,35.00
6.00,"01","PROCEDURAL","CARPAL TUNNEL RELEASE",48.68,2.90,1.90,17.00
7.00,"01","PROCEDURAL","PERIPH & CRANIAL NERVE & OTHER NERV SYST PROC W CC",271.85,22.80,11.60,44.00
8.00,"01","PROCEDURAL","PERIPH & CRANIAL NERVE & OTHER NERV SYST PROC W/O CC",77.30,5.20,3.00,35.00
9.00,"01","MEDICAL","SPINAL DISORDERS & INJURIES",129.33,10.80,7.10,39.00
10.00,"01","MEDICAL","NERVOUS SYSTEM NEOPLASMS W CC",128.34,11.40,7.70,40.00
11.00,"01","MEDICAL","NERVOUS SYSTEM NEOPLASMS W/O CC",75.45,6.50,4.40,36.00
12.00,"01","MEDICAL","DEGENERATIVE NERVOUS SYSTEM DISORDERS",93.72,10.60,6.90,39.00
13.00,"01","MEDICAL","MULTIPLE SCLEROSIS & CEREBELLAR ATAXIA",85.24,9.00,6.70,39.00
14.00,"01","MEDICAL","SPECIFIC CEREBROVASCULAR DISORDERS EXCEPT TIA",121.73,10.30,7.20,39.00
15.00,"01","MEDICAL","TRANSIENT ISCHEMIC ATTACK & PRECEREBRAL OCCLUSIONS",65.24,5.50,4.10,33.00
16.00,"01","MEDICAL","NONSPECIFIC CEREBROVASCULAR DISORDERS W CC",108.24,9.50,6.60,39.00
17.00,"01","MEDICAL","NONSPECIFIC CEREBROVASCULAR DISORDERS W/O CC",63.31,5.90,4.40,36.00
18.00,"01","MEDICAL","CRANIAL & PERIPHERAL NERVE DISORDERS W CC",89.71,8.10,5.90,38.00
19.00,"01","MEDICAL","CRANIAL & PERIPHERAL NERVE DISORDERS W/O CC",57.35,5.30,3.90,36.00
20.00,"01","MEDICAL","NERVOUS SYSTEM INFECTION EXCEPT VIRAL MENINGITIS",193.48,12.60,8.50,40.00
21.00,"01","MEDICAL","VIRAL MENINGITIS",146.85,10.20,7.50,39.00
22.00,"01","MEDICAL","HYPERTENSIVE ENCEPHALOPATHY",71.90,5.90,4.40,35.00
23.00,"01","MEDICAL","NONTRAUMATIC STUPOR & COMA",87.15,6.60,4.40,36.00
24.00,"01","MEDICAL","SEIZURE & HEADACHE AGE >17 W CC",97.92,7.70,5.30,37.00
25.00,"01","MEDICAL","SEIZURE & HEADACHE AGE >17 W/O CC",52.52,4.60,3.50,28.00
26.00,"01","MEDICAL","SEIZURE & HEADACHE AGE 0-17",82.81,4.40,3.40,31.00
27.00,"01","MEDICAL","TRAUMATIC STUPOR & COMA, COMA >1 HR",135.66,8.30,4.30,36.00
28.00,"01","MEDICAL","TRAUMATIC STUPOR & COMA, COMA <1 HR AGE >17 W CC",123.71,9.70,5.90,38.00
29.00,"01","MEDICAL","TRAUMATIC STUPOR & COMA, COMA <1 HR AGE >17 W/O CC",55.25,4.90,3.20,35.00
30.00,"01","MEDICAL","TRAUMATIC STUPOR & COMA, COMA <1 HR AGE 0-17",34.96,2.00,2.00,17.00
31.00,"01","MEDICAL","CONCUSSION AGE >17 W CC",71.39,6.60,4.30,36.00
32.00,"01","MEDICAL","CONCUSSION AGE >17 W/O CC",41.45,3.70,2.60,25.00
33.00,"01","MEDICAL","CONCUSSION AGE 0-17",24.27,0.00,1.60,9.00
34.00,"01","MEDICAL","OTHER DISORDERS OF NERVOUS SYSTEM W CC",115.24,8.80,5.90,38.00
35.00,"01","MEDICAL","OTHER DISORDERS OF NERVOUS SYSTEM W/O CC",56.48,5.50,3.70,36.00
36.00,"02","PROCEDURAL","RETINAL PROCEDURES",64.34,2.60,2.10,12.00
37.00,"02","PROCEDURAL","ORBITAL PROCEDURES",79.51,4.50,2.90,35.00
38.00,"02","PROCEDURAL","PRIMARY IRIS PROCEDURES",35.32,2.70,2.10,16.00
39.00,"02","PROCEDURAL","LENS PROCEDURES WITH OR WITHOUT VITRECTOMY",47.32,1.90,1.50,8.00
40.00,"02","PROCEDURAL","EXTRAOCULAR PROCEDURES EXCEPT ORBIT AGE >17",51.01,3.10,2.00,23.00
41.00,"02","PROCEDURAL","EXTRAOCULAR PROCEDURES EXCEPT ORBIT AGE 0-17",36.13,0.00,1.60,7.00
42.00,"02","PROCEDURAL","INTRAOCULAR PROCEDURES EXCEPT RETINA, IRIS & LENS",61.62,2.70,2.10,15.00
43.00,"02","MEDICAL","HYPHEMA",35.79,4.50,3.60,25.00
44.00,"02","MEDICAL","ACUTE MAJOR EYE INFECTIONS",61.19,7.00,5.50,36.00
45.00,"02","MEDICAL","NEUROLOGICAL EYE DISORDERS",59.38,4.50,3.50,30.00
46.00,"02","MEDICAL","OTHER DISORDERS OF THE EYE AGE >17 W CC",67.09,6.00,4.10,36.00
47.00,"02","MEDICAL","OTHER DISORDERS OF THE EYE AGE >17 W/O CC",39.23,4.40,2.70,31.00
48.00,"02","MEDICAL","OTHER DISORDERS OF THE EYE AGE 0-17",39.69,8.00,2.90,30.00
49.00,"03","PROCEDURAL","MAJOR HEAD & NECK PROCEDURES",227.90,11.20,7.00,39.00
50.00,"03","PROCEDURAL","SIALOADENECTOMY",66.25,2.80,2.20,14.00
51.00,"03","PROCEDURAL","SALIVARY GLAND PROCEDURES EXCEPT SIALOADENECTOMY",58.71,2.90,2.00,18.00
52.00,"03","PROCEDURAL","CLEFT LIP & PALATE REPAIR",74.51,3.80,2.40,22.00
53.00,"03","PROCEDURAL","SINUS & MASTOID PROCEDURES AGE >17",65.90,3.10,1.90,20.00
54.00,"03","PROCEDURAL","SINUS & MASTOID PROCEDURES AGE 0-17",68.06,0.00,3.20,22.00
55.00,"03","PROCEDURAL","MISCELLANEOUS EAR, NOSE, MOUTH & THROAT PROCEDURES",51.34,2.70,1.60,14.00
56.00,"03","PROCEDURAL","RHINOPLASTY",54.44,2.70,1.80,15.00
57.00,"03","PROCEDURAL","T&A PROC, EXCEPT TONSILLECTOMY &/OR ADENOIDECTOMY ONLY, AGE >17",85.01,5.60,3.40,35.00
58.00,"03","PROCEDURAL","T&A PROC, EXCEPT TONSILLECTOMY &/OR ADENOIDECTOMY ONLY, AGE 0-17",30.60,0.00,1.50,4.00
59.00,"03","PROCEDURAL","TONSILLECTOMY &/OR ADENOIDECTOMY ONLY, AGE >17",40.71,2.10,1.50,10.00
60.00,"03","PROCEDURAL","TONSILLECTOMY &/OR ADENOIDECTOMY ONLY, AGE 0-17",25.84,0.00,1.50,4.00
61.00,"03","PROCEDURAL","MYRINGOTOMY W TUBE INSERTION AGE >17",80.65,4.70,2.50,35.00
62.00,"03","PROCEDURAL","MYRINGOTOMY W TUBE INSERTION AGE 0-17",30.52,0.00,1.30,5.00
63.00,"03","PROCEDURAL","OTHER EAR, NOSE, MOUTH & THROAT O.R. PROCEDURES",105.95,6.20,3.80,36.00
64.00,"03","MEDICAL","EAR, NOSE, MOUTH & THROAT MALIGNANCY",111.90,9.20,5.20,37.00
65.00,"03","MEDICAL","DYSEQUILIBRIUM",47.27,4.20,3.30,23.00
66.00,"03","MEDICAL","EPISTAXIS",46.06,4.20,3.30,24.00
67.00,"03","MEDICAL","EPIGLOTTITIS",87.08,5.40,4.20,32.00
68.00,"03","MEDICAL","OTITIS MEDIA & URI AGE >17 W CC",72.77,6.20,5.00,33.00
69.00,"03","MEDICAL","OTITIS MEDIA & URI AGE >17 W/O CC",51.56,4.60,3.90,23.00
70.00,"03","MEDICAL","OTITIS MEDIA & URI AGE 0-17",52.95,4.70,3.20,32.00
71.00,"03","MEDICAL","LARYNGOTRACHEITIS",81.97,6.20,4.80,37.00
72.00,"03","MEDICAL","NASAL TRAUMA & DEFORMITY",57.41,4.80,3.40,35.00
73.00,"03","MEDICAL","OTHER EAR, NOSE, MOUTH & THROAT DIAGNOSES AGE >17",75.00,6.10,4.10,36.00
74.00,"03","MEDICAL","OTHER EAR, NOSE, MOUTH & THROAT DIAGNOSES AGE 0-17",33.86,0.00,2.10,20.00
75.00,"04","PROCEDURAL","MAJOR CHEST PROCEDURES",300.63,14.10,11.50,44.00
76.00,"04","PROCEDURAL","OTHER RESP SYSTEM O.R. PROCEDURES W CC",238.04,14.90,10.60,43.00
77.00,"04","PROCEDURAL","OTHER RESP SYSTEM O.R. PROCEDURES W/O CC",102.89,6.80,4.50,36.00
78.00,"04","MEDICAL","PULMONARY EMBOLISM",142.73,10.30,8.70,41.00
79.00,"04","MEDICAL","RESPIRATORY INFECTIONS & INFLAMMATIONS AGE >17 W CC",178.13,12.30,9.20,41.00
80.00,"04","MEDICAL","RESPIRATORY INFECTIONS & INFLAMMATIONS AGE >17 W/O CC",100.66,8.40,6.70,39.00
81.00,"04","MEDICAL","RESPIRATORY INFECTIONS & INFLAMMATIONS AGE 0-17",108.99,5.90,6.10,38.00
82.00,"04","MEDICAL","RESPIRATORY NEOPLASMS",124.53,9.70,6.70,39.00
83.00,"04","MEDICAL","MAJOR CHEST TRAUMA W CC",96.06,8.20,6.20,38.00
84.00,"04","MEDICAL","MAJOR CHEST TRAUMA W/O CC",49.20,5.10,3.70,32.00
85.00,"04","MEDICAL","PLEURAL EFFUSION W CC",116.43,9.10,6.80,39.00
86.00,"04","MEDICAL","PLEURAL EFFUSION W/O CC",68.34,5.60,4.30,36.00
87.00,"04","MEDICAL","PULMONARY EDEMA & RESPIRATORY FAILURE",138.51,8.40,6.00,38.00
88.00,"04","MEDICAL","CHRONIC OBSTRUCTIVE PULMONARY DISEASE",99.42,7.50,5.90,38.00
89.00,"04","MEDICAL","SIMPLE PNEUMONIA & PLEURISY AGE >17 W CC",116.58,9.00,7.10,39.00
90.00,"04","MEDICAL","SIMPLE PNEUMONIA & PLEURISY AGE >17 W/O CC",72.82,6.40,5.40,30.00
91.00,"04","MEDICAL","SIMPLE PNEUMONIA & PLEURISY AGE 0-17",78.46,5.50,4.20,36.00
92.00,"04","MEDICAL","INTERSTITIAL LUNG DISEASE W CC",119.97,9.00,6.90,39.00
93.00,"04","MEDICAL","INTERSTITIAL LUNG DISEASE W/O CC",80.28,6.70,5.20,37.00
94.00,"04","MEDICAL","PNEUMOTHORAX W CC",124.72,9.40,7.10,39.00
95.00,"04","MEDICAL","PNEUMOTHORAX W/O CC",61.08,5.70,4.40,35.00
96.00,"04","MEDICAL","BRONCHITIS & ASTHMA AGE >17 W CC",94.57,7.30,5.90,35.00
97.00,"04","MEDICAL","BRONCHITIS & ASTHMA AGE >17 W/O CC",64.50,5.40,4.60,26.00
98.00,"04","MEDICAL","BRONCHITIS & ASTHMA AGE 0-17",82.62,6.70,5.50,37.00
99.00,"04","MEDICAL","RESPIRATORY SIGNS & SYMPTOMS W CC",79.62,5.60,4.10,36.00
100.00,"04","MEDICAL","RESPIRATORY SIGNS & SYMPTOMS W/O CC",49.83,3.20,2.60,18.00
101.00,"04","MEDICAL","OTHER RESPIRATORY SYSTEM DIAGNOSES W CC",92.32,7.20,5.10,37.00
102.00,"04","MEDICAL","OTHER RESPIRATORY SYSTEM DIAGNOSES W/O CC",52.72,4.50,3.30,30.00
103.00,"05","PROCEDURAL","HEART TRANSPLANT",1403.23,36.10,25.20,57.00
104.00,"05","PROCEDURAL","CARDIAC VALVE PROCEDURES W CARDIAC CATH",825.75,22.50,18.10,50.00
105.00,"05","PROCEDURAL","CARDIAC VALVE PROCEDURES W/O CARDIAC CATH",615.81,16.30,12.70,45.00
106.00,"05","PROCEDURAL","CORONARY BYPASS W CARDIAC CATH",544.70,15.70,13.60,46.00
107.00,"05","PROCEDURAL","CORONARY BYPASS W/O CARDIAC CATH",496.16,13.90,11.30,43.00
108.00,"05","PROCEDURAL","OTHER CARDIOTHORACIC PROCEDURES",596.00,16.70,12.70,45.00
109.00,"05","PROCEDURAL","NO LONGER VALID",0.00,0.00,0.00,0.00
110.00,"05","PROCEDURAL","MAJOR CARDIOVASCULAR PROCEDURES W CC",427.03,14.60,10.30,42.00
111.00,"05","PROCEDURAL","MAJOR CARDIOVASCULAR PROCEDURES W/O CC",239.80,8.90,7.50,40.00
112.00,"05","PROCEDURAL","PERCUTANEOUS CARDIOVASCULAR PROCEDURES",201.63,6.40,4.80,37.00
113.00,"05","PROCEDURAL","AMPUTATION FOR CIRC SYSTEM DISORDERS EXCEPT UPPER LIMB & TOE",269.25,19.40,14.30,46.00
114.00,"05","PROCEDURAL","UPPER LIMB & TOE AMPUTATION FOR CIRC SYSTEM DISORDERS",154.99,12.70,9.00,41.00
115.00,"05","PROCEDURAL","PERM CARDIAC PACEMAKER IMPLANT W AMI, HEART FAILURE OR SHOCK",367.95,14.50,11.90,44.00
116.00,"05","PROCEDURAL","PERM CARDIAC PACEMAKER IMPLANT W/O AMI, HEART FAILURE OR SHOCK",249.73,7.50,5.70,38.00
117.00,"05","PROCEDURAL","CARDIAC PACEMAKER REVISION EXCEPT DEVICE REPLACEMENT",127.43,5.60,3.70,36.00
118.00,"05","PROCEDURAL","CARDIAC PACEMAKER DEVICE REPLACEMENT",169.57,4.40,2.80,35.00
119.00,"05","PROCEDURAL","VEIN LIGATION & STRIPPING",93.79,6.20,3.50,36.00
120.00,"05","PROCEDURAL","OTHER CIRCULATORY SYSTEM O.R. PROCEDURES",207.36,12.90,7.40,39.00
121.00,"05","MEDICAL","CIRCULATORY DISORDERS W AMI & C.V. COMP DISCH ALIVE",162.10,10.00,8.20,40.00
122.00,"05","MEDICAL","CIRCULATORY DISORDERS W AMI W/O C.V. COMP DISCH ALIVE",116.67,7.30,6.00,38.00
123.00,"05","MEDICAL","CIRCULATORY DISORDERS W AMI, EXPIRED",139.20,5.50,3.00,35.00
124.00,"05","MEDICAL","CIRCULATORY DISORDERS EXCEPT AMI, W CARD CATH & COMPLEX DIAG",119.73,5.90,4.20,36.00
125.00,"05","MEDICAL","CIRCULATORY DISORDERS EXCEPT AMI, W CARD CATH W/O COMPLEX DIAG",73.87,3.20,2.20,22.00
126.00,"05","MEDICAL","ACUTE & SUBACUTE ENDOCARDITIS",288.74,21.90,16.30,48.00
127.00,"05","MEDICAL","HEART FAILURE & SHOCK",100.70,7.90,6.00,38.00
128.00,"05","MEDICAL","DEEP VEIN THROMBOPHLEBITIS",79.06,8.60,7.40,33.00
129.00,"05","MEDICAL","CARDIAC ARREST, UNEXPLAINED",125.51,4.70,2.40,34.00
130.00,"05","MEDICAL","PERIPHERAL VASCULAR DISORDERS W CC",91.18,8.20,6.10,38.00
131.00,"05","MEDICAL","PERIPHERAL VASCULAR DISORDERS W/O CC",58.82,6.00,4.50,37.00
132.00,"05","MEDICAL","ATHEROSCLEROSIS W CC",73.12,5.60,4.00,36.00
133.00,"05","MEDICAL","ATHEROSCLEROSIS W/O CC",53.42,4.40,3.00,26.00
134.00,"05","MEDICAL","HYPERTENSION",56.63,5.20,3.90,30.00
135.00,"05","MEDICAL","CARDIAC CONGENITAL & VALVULAR DISORDERS AGE >17 W CC",87.70,7.10,4.90,37.00
136.00,"05","MEDICAL","CARDIAC CONGENITAL & VALVULAR DISORDERS AGE >17 W/O CC",54.34,4.20,3.20,27.00
137.00,"05","MEDICAL","CARDIAC CONGENITAL & VALVULAR DISORDERS AGE 0-17",62.39,0.00,3.30,35.00
138.00,"05","MEDICAL","CARDIAC ARRHYTHMIA & CONDUCTION DISORDERS W CC",82.11,6.10,4.50,36.00
139.00,"05","MEDICAL","CARDIAC ARRHYTHMIA & CONDUCTION DISORDERS W/O CC",51.49,3.90,3.10,23.00
140.00,"05","MEDICAL","ANGINA PECTORIS",62.26,4.60,3.70,25.00
141.00,"05","MEDICAL","SYNCOPE & COLLAPSE W CC",69.50,5.80,4.30,35.00
142.00,"05","MEDICAL","SYNCOPE & COLLAPSE W/O CC",50.06,4.00,3.10,22.00
143.00,"05","MEDICAL","CHEST PAIN",51.18,3.40,2.70,18.00
144.00,"05","MEDICAL","OTHER CIRCULATORY SYSTEM DIAGNOSES W CC",108.88,7.40,5.20,37.00
145.00,"05","MEDICAL","OTHER CIRCULATORY SYSTEM DIAGNOSES W/O CC",64.54,4.70,3.40,34.00
146.00,"06","PROCEDURAL","RECTAL RESECTION W CC",257.77,14.40,12.40,44.00
147.00,"06","PROCEDURAL","RECTAL RESECTION W/O CC",163.01,9.80,9.00,34.00
148.00,"06","PROCEDURAL","MAJOR SMALL & LARGE BOWEL PROCEDURES W CC",318.04,16.80,13.50,46.00
149.00,"06","PROCEDURAL","MAJOR SMALL & LARGE BOWEL PROCEDURES W/O CC",154.43,9.70,8.90,29.00
150.00,"06","PROCEDURAL","PERITONEAL ADHESIOLYSIS W CC",250.69,14.10,11.40,43.00
151.00,"06","PROCEDURAL","PERITONEAL ADHESIOLYSIS W/O CC",120.42,8.10,6.70,39.00
152.00,"06","PROCEDURAL","MINOR SMALL & LARGE BOWEL PROCEDURES W CC",172.55,10.80,8.70,41.00
153.00,"06","PROCEDURAL","MINOR SMALL & LARGE BOWEL PROCEDURES W/O CC",105.34,7.40,6.70,28.00
154.00,"06","PROCEDURAL","STOMACH, ESOPHAGEAL & DUODENAL PROCEDURES AGE >17 W CC",417.46,18.90,14.30,46.00
155.00,"06","PROCEDURAL","STOMACH, ESOPHAGEAL & DUODENAL PROCEDURES AGE >17 W/O CC",154.72,9.10,7.70,40.00
156.00,"06","PROCEDURAL","STOMACH, ESOPHAGEAL & DUODENAL PROCEDURES AGE 0-17",82.81,14.30,6.00,38.00
157.00,"06","PROCEDURAL","ANAL & STOMAL PROCEDURES W CC",93.72,6.70,4.60,37.00
158.00,"06","PROCEDURAL","ANAL & STOMAL PROCEDURES W/O CC",49.09,3.20,2.50,18.00
159.00,"06","PROCEDURAL","HERNIA PROCEDURES EXCEPT INGUINAL & FEMORAL AGE >17 W CC",107.01,6.50,4.90,37.00
160.00,"06","PROCEDURAL","HERNIA PROCEDURES EXCEPT INGUINAL & FEMORAL AGE >17 W/O CC",61.56,3.60,2.90,20.00
161.00,"06","PROCEDURAL","INGUINAL & FEMORAL HERNIA PROCEDURES AGE >17 W CC",73.82,4.60,3.20,34.00
162.00,"06","PROCEDURAL","INGUINAL & FEMORAL HERNIA PROCEDURES AGE >17 W/O CC",44.76,2.30,1.80,11.00
163.00,"06","PROCEDURAL","HERNIA PROCEDURES AGE 0-17",66.12,4.90,4.00,33.00
164.00,"06","PROCEDURAL","APPENDECTOMY W COMPLICATED PRINCIPAL DIAG W CC",217.33,11.60,9.80,42.00
165.00,"06","PROCEDURAL","APPENDECTOMY W COMPLICATED PRINCIPAL DIAG W/O CC",125.62,7.60,6.90,25.00
166.00,"06","PROCEDURAL","APPENDECTOMY W/O COMPLICATED PRINCIPAL DIAG W CC",129.31,7.60,6.10,35.00
167.00,"06","PROCEDURAL","APPENDECTOMY W/O COMPLICATED PRINCIPAL DIAG W/O CC",75.97,4.40,4.00,15.00
168.00,"03","PROCEDURAL","MOUTH PROCEDURES W CC",106.01,6.70,3.80,36.00
169.00,"03","PROCEDURAL","MOUTH PROCEDURES W/O CC",54.06,2.70,2.00,17.00
170.00,"06","PROCEDURAL","OTHER DIGESTIVE SYSTEM O.R. PROCEDURES W CC",275.82,16.50,11.10,43.00
171.00,"06","PROCEDURAL","OTHER DIGESTIVE SYSTEM O.R. PROCEDURES W/O CC",113.03,7.40,5.30,37.00
172.00,"06","MEDICAL","DIGESTIVE MALIGNANCY W CC",125.49,10.40,7.00,39.00
173.00,"06","MEDICAL","DIGESTIVE MALIGNANCY W/O CC",62.18,5.50,3.60,36.00
174.00,"06","MEDICAL","G.I. HEMORRHAGE W CC",97.35,7.10,5.50,37.00
175.00,"06","MEDICAL","G.I. HEMORRHAGE W/O CC",57.23,4.60,3.80,23.00
176.00,"06","MEDICAL","COMPLICATED PEPTIC ULCER",102.35,7.80,5.90,38.00
177.00,"06","MEDICAL","UNCOMPLICATED PEPTIC ULCER W CC",78.40,6.40,5.10,32.00
178.00,"06","MEDICAL","UNCOMPLICATED PEPTIC ULCER W/O CC",56.56,4.50,3.80,22.00
179.00,"06","MEDICAL","INFLAMMATORY BOWEL DISEASE",111.41,9.60,7.10,39.00
180.00,"06","MEDICAL","G.I. OBSTRUCTION W CC",92.16,7.80,5.80,38.00
181.00,"06","MEDICAL","G.I. OBSTRUCTION W/O CC",49.88,4.70,3.80,26.00
182.00,"06","MEDICAL","ESOPHAGITIS, GASTROENT & MISC DIGEST DISORDERS AGE >17 W CC",75.99,6.40,4.90,37.00
183.00,"06","MEDICAL","ESOPHAGITIS, GASTROENT & MISC DIGEST DISORDERS AGE >17 W/O CC",51.98,4.30,3.50,25.00
184.00,"06","MEDICAL","ESOPHAGITIS, GASTROENT & MISC DIGEST DISORDERS AGE 0-17",51.25,3.60,2.70,18.00
185.00,"03","MEDICAL","DENTAL & ORAL DIS EXCEPT EXTRACTIONS & RESTORATIONS, AGE >17",77.66,6.30,4.30,36.00
186.00,"03","MEDICAL","DENTAL & ORAL DIS EXCEPT EXTRACTIONS & RESTORATIONS, AGE 0-17",40.62,6.00,2.90,23.00
187.00,"03","MEDICAL","DENTAL EXTRACTIONS & RESTORATIONS",50.94,3.60,2.30,26.00
188.00,"06","MEDICAL","OTHER DIGESTIVE SYSTEM DIAGNOSES AGE >17 W CC",98.46,7.50,5.20,37.00
189.00,"06","MEDICAL","OTHER DIGESTIVE SYSTEM DIAGNOSES AGE >17 W/O CC",46.97,3.90,2.80,30.00
190.00,"06","MEDICAL","OTHER DIGESTIVE SYSTEM DIAGNOSES AGE 0-17",75.55,5.40,4.20,36.00
191.00,"07","PROCEDURAL","PANCREAS, LIVER & SHUNT PROCEDURES W CC",444.12,20.60,15.50,48.00
192.00,"07","PROCEDURAL","PANCREAS, LIVER & SHUNT PROCEDURES W/O CC",173.79,10.30,8.50,41.00
193.00,"07","PROCEDURAL","BILIARY TRACT PROC EXCEPT ONLY CHOLECYST W OR W/O C.D.E. W CC",302.75,17.00,14.00,46.00
194.00,"07","PROCEDURAL","BILIARY TRACT PROC EXCEPT ONLY CHOLECYST W OR W/O C.D.E. W/O CC",161.89,10.50,8.80,41.00
195.00,"07","PROCEDURAL","CHOLECYSTECTOMY W C.D.E. W CC",220.99,12.60,10.60,43.00
196.00,"07","PROCEDURAL","CHOLECYSTECTOMY W C.D.E. W/O CC",135.47,8.40,7.60,28.00
197.00,"07","PROCEDURAL","CHOLECYSTECTOMY W/O C.D.E. W CC",168.72,9.60,7.80,40.00
198.00,"07","PROCEDURAL","CHOLECYSTECTOMY W/O C.D.E. W/O CC",90.76,5.30,4.50,25.00
199.00,"07","PROCEDURAL","HEPATOBILIARY DIAGNOSTIC PROCEDURE FOR MALIGNANCY",240.49,15.50,11.90,44.00
200.00,"07","PROCEDURAL","HEPATOBILIARY DIAGNOSTIC PROCEDURE FOR NON-MALIGNANCY",279.60,14.60,9.40,41.00
201.00,"07","PROCEDURAL","OTHER HEPATOBILIARY OR PANCREAS O.R. PROCEDURES",230.34,12.70,8.80,41.00
202.00,"07","MEDICAL","CIRRHOSIS & ALCOHOLIC HEPATITIS",122.31,10.00,7.20,39.00
203.00,"07","MEDICAL","MALIGNANCY OF HEPATOBILIARY SYSTEM OR PANCREAS",117.84,9.90,6.80,39.00
204.00,"07","MEDICAL","DISORDERS OF PANCREAS EXCEPT MALIGNANCY",108.70,8.10,6.10,38.00
205.00,"07","MEDICAL","DISORDERS OF LIVER EXCEPT MALIG,CIRR,ALC HEPA W CC",124.02,9.40,6.70,39.00
206.00,"07","MEDICAL","DISORDERS OF LIVER EXCEPT MALIG,CIRR,ALC HEPA W/O CC",60.29,5.30,3.70,36.00
207.00,"07","MEDICAL","DISORDERS OF THE BILIARY TRACT W CC",97.32,7.30,5.50,37.00
208.00,"07","MEDICAL","DISORDERS OF THE BILIARY TRACT W/O CC",55.32,4.20,3.30,26.00
209.00,"08","PROCEDURAL","MAJOR JOINT & LIMB REATTACHMENT PROCEDURES OF LOWER EXTREMITY",237.95,11.40,10.10,36.00
210.00,"08","PROCEDURAL","HIP & FEMUR PROCEDURES EXCEPT MAJOR JOINT AGE >17 W CC",193.86,13.80,11.40,43.00
211.00,"08","PROCEDURAL","HIP & FEMUR PROCEDURES EXCEPT MAJOR JOINT AGE >17 W/O CC",137.47,10.20,9.00,36.00
212.00,"08","PROCEDURAL","HIP & FEMUR PROCEDURES EXCEPT MAJOR JOINT AGE 0-17",91.39,5.80,4.00,36.00
213.00,"08","PROCEDURAL","AMPUTATION FOR MUSCULOSKELETAL SYSTEM & CONN TISSUE DISORDERS",174.71,13.30,9.40,41.00
214.00,"08","PROCEDURAL","BACK & NECK PROCEDURES W CC",187.48,11.40,8.90,41.00
215.00,"08","PROCEDURAL","BACK & NECK PROCEDURES W/O CC",111.56,6.90,5.80,33.00
216.00,"08","PROCEDURAL","BIOPSIES OF MUSCULOSKELETAL SYSTEM & CONNECTIVE TISSUE",203.21,14.90,10.10,42.00
217.00,"08","PROCEDURAL","WND DEBRID & SKN GRFT EXCEPT HAND,FOR MUSCSKELET & CONN TISS DIS",316.41,22.30,14.10,46.00
218.00,"08","PROCEDURAL","LOWER EXTREM & HUMER PROC EXCEPT HIP,FOOT,FEMUR AGE >17 W CC",141.12,9.50,7.20,39.00
219.00,"08","PROCEDURAL","LOWER EXTREM & HUMER PROC EXCEPT HIP,FOOT,FEMUR AGE >17 W/O CC",89.77,5.60,4.60,29.00
220.00,"08","PROCEDURAL","LOWER EXTREM & HUMER PROC EXCEPT HIP,FOOT,FEMUR AGE 0-17",91.30,4.70,5.30,37.00
221.00,"08","PROCEDURAL","KNEE PROCEDURES W CC",183.50,11.30,7.70,40.00
222.00,"08","PROCEDURAL","KNEE PROCEDURES W/O CC",97.21,5.50,3.90,36.00
223.00,"08","PROCEDURAL","MAJOR SHOULDER/ELBOW PROC, OR OTHER UPPER EXTREMITY PROC W CC",80.44,4.40,3.30,25.00
224.00,"08","PROCEDURAL","SHOULDER,ELBOW OR FOREARM PROC,EXC MAJOR JOINT PROC, W/O CC",63.06,3.10,2.50,15.00
225.00,"08","PROCEDURAL","FOOT PROCEDURES",78.25,5.20,3.30,35.00
226.00,"08","PROCEDURAL","SOFT TISSUE PROCEDURES W CC",136.13,9.60,6.10,38.00
227.00,"08","PROCEDURAL","SOFT TISSUE PROCEDURES W/O CC",67.91,4.10,2.90,25.00
228.00,"08","PROCEDURAL","MAJOR THUMB OR JOINT PROC,OR OTH HAND OR WRIST PROC W CC",80.15,3.90,2.60,28.00
229.00,"08","PROCEDURAL","HAND OR WRIST PROC, EXCEPT MAJOR JOINT PROC, W/O CC",54.03,2.80,1.90,16.00
230.00,"08","PROCEDURAL","LOCAL EXCISION & REMOVAL OF INT FIX DEVICES OF HIP & FEMUR",92.78,6.90,4.10,36.00
231.00,"08","PROCEDURAL","LOCAL EXCISION & REMOVAL OF INT FIX DEVICES EXCEPT HIP & FEMUR",108.17,6.80,4.00,36.00
232.00,"08","PROCEDURAL","ARTHROSCOPY",124.48,7.60,4.00,36.00
233.00,"08","PROCEDURAL","OTHER MUSCULOSKELET SYS & CONN TISS O.R. PROC W CC",198.73,12.90,9.00,41.00
234.00,"08","PROCEDURAL","OTHER MUSCULOSKELET SYS & CONN TISS O.R. PROC W/O CC",103.65,6.40,4.60,37.00
235.00,"08","MEDICAL","FRACTURES OF FEMUR",109.74,12.50,7.40,39.00
236.00,"08","MEDICAL","FRACTURES OF HIP & PELVIS",84.28,9.40,6.60,39.00
237.00,"08","MEDICAL","SPRAINS, STRAINS, & DISLOCATIONS OF HIP, PELVIS & THIGH",55.83,6.10,4.40,36.00
238.00,"08","MEDICAL","OSTEOMYELITIS",158.84,14.40,10.60,43.00
239.00,"08","MEDICAL","PATHOLOGICAL FRACTURES & MUSCULOSKELETAL & CONN TISS MALIGNANCY",102.69,10.30,7.50,40.00
240.00,"08","MEDICAL","CONNECTIVE TISSUE DISORDERS W CC",114.86,9.90,7.10,39.00
241.00,"08","MEDICAL","CONNECTIVE TISSUE DISORDERS W/O CC",57.04,6.00,4.50,36.00
242.00,"08","MEDICAL","SEPTIC ARTHRITIS",125.58,11.50,8.20,40.00
243.00,"08","MEDICAL","MEDICAL BACK PROBLEMS",66.72,6.80,5.00,37.00
244.00,"08","MEDICAL","BONE DISEASES & SPECIFIC ARTHROPATHIES W CC",76.65,7.70,5.40,37.00
245.00,"08","MEDICAL","BONE DISEASES & SPECIFIC ARTHROPATHIES W/O CC",54.34,5.40,4.00,36.00
246.00,"08","MEDICAL","NON-SPECIFIC ARTHROPATHIES",58.72,5.90,4.40,36.00
247.00,"08","MEDICAL","SIGNS & SYMPTOMS OF MUSCULOSKELETAL SYSTEM & CONN TISSUE",54.45,5.10,3.60,36.00
248.00,"08","MEDICAL","TENDONITIS, MYOSITIS & BURSITIS",66.73,6.40,4.60,37.00
249.00,"08","MEDICAL","AFTERCARE, MUSCULOSKELETAL SYSTEM & CONNECTIVE TISSUE",71.56,6.70,4.30,36.00
250.00,"08","MEDICAL","FX, SPRN, STRN & DISL OF FOREARM, HAND, FOOT AGE >17 W CC",70.21,6.70,4.50,37.00
251.00,"08","MEDICAL","FX, SPRN, STRN & DISL OF FOREARM, HAND, FOOT AGE >17 W/O CC",42.91,3.50,2.50,24.00
252.00,"08","MEDICAL","FX, SPRN, STRN & DISL OF FOREARM, HAND, FOOT AGE 0-17",34.54,0.00,1.80,15.00
253.00,"08","MEDICAL","FX, SPRN, STRN & DISL OF UPARM,LOWLEG EX FOOT AGE >17 W CC",78.85,8.40,5.80,38.00
254.00,"08","MEDICAL","FX, SPRN, STRN & DISL OF UPARM,LOWLEG EX FOOT AGE >17 W/O CC",42.38,5.00,3.50,35.00
255.00,"08","MEDICAL","FX, SPRN, STRN & DISL OF UPARM,LOWLEG EX FOOT AGE 0-17",45.82,7.00,2.90,35.00
256.00,"08","MEDICAL","OTHER MUSCULOSKELETAL SYSTEM & CONNECTIVE TISSUE DIAGNOSES",64.09,5.60,3.80,36.00
257.00,"09","PROCEDURAL","TOTAL MASTECTOMY FOR MALIGNANCY W CC",90.24,5.60,4.60,24.00
258.00,"09","PROCEDURAL","TOTAL MASTECTOMY FOR MALIGNANCY W/O CC",70.57,4.00,3.60,15.00
259.00,"09","PROCEDURAL","SUBTOTAL MASTECTOMY FOR MALIGNANCY W CC",90.73,6.40,4.00,36.00
260.00,"09","PROCEDURAL","SUBTOTAL MASTECTOMY FOR MALIGNANCY W/O CC",57.20,2.80,2.40,14.00
261.00,"09","PROCEDURAL","BREAST PROC FOR NON-MALIGNANCY EXCEPT BIOPSY & LOCAL EXCISION",67.49,2.80,2.20,15.00
262.00,"09","PROCEDURAL","BREAST BIOPSY & LOCAL EXCISION FOR NON-MALIGNANCY",49.44,2.90,1.90,18.00
263.00,"09","PROCEDURAL","SKIN GRAFT &/OR DEBRID FOR SKN ULCER OR CELLULITIS W CC",268.66,22.10,15.20,47.00
264.00,"09","PROCEDURAL","SKIN GRAFT &/OR DEBRID FOR SKN ULCER OR CELLULITIS W/O CC",129.82,12.00,8.60,41.00
265.00,"09","PROCEDURAL","SKIN GRAFT &/OR DEBRID EXCEPT FOR SKIN ULCER OR CELLULITIS W CC",138.60,10.20,6.10,38.00
266.00,"09","PROCEDURAL","SKIN GRAFT &/OR DEBRID EXCEPT FOR SKIN ULCER OR CELLULITIS WO CC",68.14,4.40,3.00,35.00
267.00,"09","PROCEDURAL","PERIANAL & PILONIDAL PROCEDURES",59.22,4.50,2.70,35.00
268.00,"09","PROCEDURAL","SKIN, SUBCUTANEOUS TISSUE & BREAST PLASTIC PROCEDURES",71.94,4.50,2.50,34.00
269.00,"09","PROCEDURAL","OTHER SKIN, SUBCUT TISS & BREAST PROC W CC",166.00,12.40,8.10,40.00
270.00,"09","PROCEDURAL","OTHER SKIN, SUBCUT TISS & BREAST PROC W/O CC",65.51,4.40,2.90,35.00
271.00,"09","MEDICAL","SKIN ULCERS",124.80,12.50,8.80,41.00
272.00,"09","MEDICAL","MAJOR SKIN DISORDERS W CC",107.89,9.90,7.40,39.00
273.00,"09","MEDICAL","MAJOR SKIN DISORDERS W/O CC",65.75,7.00,5.40,37.00
274.00,"09","MEDICAL","MALIGNANT BREAST DISORDERS W CC",113.12,10.30,6.60,39.00
275.00,"09","MEDICAL","MALIGNANT BREAST DISORDERS W/O CC",58.70,4.90,3.30,35.00
276.00,"09","MEDICAL","NON-MALIGANT BREAST DISORDERS",57.31,5.60,3.70,36.00
277.00,"09","MEDICAL","CELLULITIS AGE >17 W CC",91.98,8.80,7.00,39.00
278.00,"09","MEDICAL","CELLULITIS AGE >17 W/O CC",61.29,6.40,5.30,30.00
279.00,"09","MEDICAL","CELLULITIS AGE 0-17",72.78,4.00,4.20,24.00
280.00,"09","MEDICAL","TRAUMA TO THE SKIN, SUBCUT TISS & BREAST AGE >17 W CC",66.39,6.60,4.60,37.00
281.00,"09","MEDICAL","TRAUMA TO THE SKIN, SUBCUT TISS & BREAST AGE >17 W/O CC",41.67,4.50,3.10,30.00
282.00,"09","MEDICAL","TRAUMA TO THE SKIN, SUBCUT TISS & BREAST AGE 0-17",33.83,0.00,2.20,19.00
283.00,"09","MEDICAL","MINOR SKIN DISORDERS W CC",73.50,7.40,5.20,37.00
284.00,"09","MEDICAL","MINOR SKIN DISORDERS W/O CC",44.10,4.80,3.60,34.00
285.00,"10","PROCEDURAL","AMPUTAT OF LOWER LIMB FOR ENDOCRINE,NUTRIT,& METABOL DISORDERS",272.10,21.10,15.10,47.00
286.00,"10","PROCEDURAL","ADRENAL & PITUITARY PROCEDURES",243.20,12.60,9.50,41.00
287.00,"10","PROCEDURAL","SKIN GRAFTS & WOUND DEBRID FOR ENDOC, NUTRIT & METAB DISORDERS",225.33,20.40,13.40,45.00
288.00,"10","PROCEDURAL","O.R. PROCEDURES FOR OBESITY",188.10,11.00,6.90,39.00
289.00,"10","PROCEDURAL","PARATHYROID PROCEDURES",100.79,5.90,4.00,36.00
290.00,"10","PROCEDURAL","THYROID PROCEDURES",74.91,3.80,2.80,17.00
291.00,"10","PROCEDURAL","THYROGLOSSAL PROCEDURES",44.16,2.10,1.70,8.00
292.00,"10","PROCEDURAL","OTHER ENDOCRINE, NUTRIT & METAB O.R. PROC W CC",283.87,18.20,12.10,44.00
293.00,"10","PROCEDURAL","OTHER ENDOCRINE, NUTRIT & METAB O.R. PROC W/O CC",115.28,8.10,5.50,37.00
294.00,"10","MEDICAL","DIABETES AGE >35",75.16,7.50,5.80,38.00
295.00,"10","MEDICAL","DIABETES AGE 0-35",74.00,6.00,4.40,36.00
296.00,"10","MEDICAL","NUTRITIONAL & MISC METABOLIC DISORDERS AGE >17 W CC",93.78,8.60,6.00,38.00
297.00,"10","MEDICAL","NUTRITIONAL & MISC METABOLIC DISORDERS AGE >17 W/O CC",53.03,5.30,4.00,31.00
298.00,"10","MEDICAL","NUTRITIONAL & MISC METABOLIC DISORDERS AGE 0-17",53.96,3.80,2.70,30.00
299.00,"10","MEDICAL","INBORN ERRORS OF METABOLISM",85.98,7.30,4.80,37.00
300.00,"10","MEDICAL","ENDOCRINE DISORDERS W CC",111.91,9.50,6.90,39.00
301.00,"10","MEDICAL","ENDOCRINE DISORDERS W/O CC",59.23,5.70,4.10,36.00
302.00,"11","PROCEDURAL","KIDNEY TRANSPLANT",388.91,16.60,13.90,46.00
303.00,"11","PROCEDURAL","KIDNEY,URETER & MAJOR BLADDER PROCEDURES FOR NEOPLASM",266.45,14.00,11.50,43.00
304.00,"11","PROCEDURAL","KIDNEY,URETER & MAJOR BLADDER PROC FOR NON-NEOPL W CC",239.86,13.80,10.10,42.00
305.00,"11","PROCEDURAL","KIDNEY,URETER & MAJOR BLADDER PROC FOR NON-NEOPL W/O CC",118.21,6.90,5.30,37.00
306.00,"11","PROCEDURAL","PROSTATECTOMY W CC",129.22,9.30,6.90,39.00
307.00,"11","PROCEDURAL","PROSTATECTOMY W/O CC",71.00,4.90,4.00,23.00
308.00,"11","PROCEDURAL","MINOR BLADDER PROCEDURES W CC",143.41,9.70,6.40,38.00
309.00,"11","PROCEDURAL","MINOR BLADDER PROCEDURES W/O CC",73.75,4.30,3.20,31.00
310.00,"11","PROCEDURAL","TRANSURETHRAL PROCEDURES W CC",87.92,5.80,3.90,36.00
311.00,"11","PROCEDURAL","TRANSURETHRAL PROCEDURES W/O CC",51.82,2.90,2.30,16.00
312.00,"11","PROCEDURAL","URETHRAL PROCEDURES, AGE >17 W CC",81.74,5.90,3.80,36.00
313.00,"11","PROCEDURAL","URETHRAL PROCEDURES, AGE >17 W/O CC",46.07,2.90,2.10,17.00
314.00,"11","PROCEDURAL","URETHRAL PROCEDURES, AGE 0-17",42.71,6.00,2.30,26.00
315.00,"11","PROCEDURAL","OTHER KIDNEY & URINARY TRACT O.R. PROCEDURES",210.27,12.90,7.00,39.00
316.00,"11","MEDICAL","RENAL FAILURE",128.14,9.40,6.30,38.00
317.00,"11","MEDICAL","ADMIT FOR RENAL DIALYSIS",48.25,4.20,2.50,33.00
318.00,"11","MEDICAL","KIDNEY & URINARY TRACT NEOPLASMS W CC",109.08,9.10,6.00,38.00
319.00,"11","MEDICAL","KIDNEY & URINARY TRACT NEOPLASMS W/O CC",54.55,4.00,2.60,32.00
320.00,"11","MEDICAL","KIDNEY & URINARY TRACT INFECTIONS AGE >17 W CC",100.02,8.70,6.70,39.00
321.00,"11","MEDICAL","KIDNEY & URINARY TRACT INFECTIONS AGE >17 W/O CC",63.46,5.90,4.90,28.00
322.00,"11","MEDICAL","KIDNEY & URINARY TRACT INFECTIONS AGE 0-17",63.34,5.80,4.60,35.00
323.00,"11","MEDICAL","URINARY STONES W CC, &/OR ESW LITHOTRIPSY",74.22,4.30,3.00,32.00
324.00,"11","MEDICAL","URINARY STONES W/O CC",38.98,2.60,2.10,14.00
325.00,"11","MEDICAL","KIDNEY & URINARY TRACT SIGNS & SYMPTOMS AGE >17 W CC",66.73,6.00,4.30,36.00
326.00,"11","MEDICAL","KIDNEY & URINARY TRACT SIGNS & SYMPTOMS AGE >17 W/O CC",42.19,3.80,2.90,25.00
327.00,"11","MEDICAL","KIDNEY & URINARY TRACT SIGNS & SYMPTOMS AGE 0-17",54.44,4.60,3.10,32.00
328.00,"11","MEDICAL","URETHRAL STRICTURE AGE >17 W CC",61.43,5.20,3.60,36.00
329.00,"11","MEDICAL","URETHRAL STRICTURE AGE >17 W/O CC",39.78,2.80,2.00,18.00
330.00,"11","MEDICAL","URETHRAL STRICTURE AGE 0-17",27.54,0.00,1.60,9.00
331.00,"11","MEDICAL","OTHER KIDNEY & URINARY TRACT DIAGNOSES AGE >17 W CC",95.66,7.60,5.30,37.00
332.00,"11","MEDICAL","OTHER KIDNEY & URINARY TRACT DIAGNOSES AGE >17 W/O CC",53.40,4.40,3.00,35.00
333.00,"11","MEDICAL","OTHER KIDNEY & URINARY TRACT DIAGNOSES AGE 0-17",90.94,7.00,4.80,37.00
334.00,"12","PROCEDURAL","MAJOR MALE PELVIC PROCEDURES W CC",175.09,10.10,8.90,32.00
335.00,"12","PROCEDURAL","MAJOR MALE PELVIC PROCEDURES W/O CC",135.74,7.90,7.40,21.00
336.00,"12","PROCEDURAL","TRANSURETHRAL PROSTATECTOMY W CC",90.05,6.20,5.00,26.00
337.00,"12","PROCEDURAL","TRANSURETHRAL PROSTATECTOMY W/O CC",61.63,4.10,3.70,13.00
338.00,"12","PROCEDURAL","TESTES PROCEDURES, FOR MALIGNANCY",77.76,5.30,2.90,35.00
339.00,"12","PROCEDURAL","TESTES PROCEDURES, NON-MALIGNANCY AGE >17",63.82,4.40,2.50,35.00
340.00,"12","PROCEDURAL","TESTES PROCEDURES, NON-MALIGNANCY AGE 0-17",42.83,2.00,2.40,13.00
341.00,"12","PROCEDURAL","PENIS PROCEDURES",96.15,4.40,3.30,25.00
342.00,"12","PROCEDURAL","CIRCUMCISION AGE >17",59.55,4.20,2.50,35.00
343.00,"12","PROCEDURAL","CIRCUMCISION AGE 0-17",37.42,2.00,1.70,6.00
344.00,"12","PROCEDURAL","OTHER MALE REPRODUCTIVE SYSTEM O.R. PROCEDURES FOR MALIGNANCY",104.92,6.10,4.40,36.00
345.00,"12","PROCEDURAL","OTHER MALE REPRODUCTIVE SYSTEM O.R. PROC EXCEPT FOR MALIGNANCY",72.63,5.00,3.30,35.00
346.00,"12","MEDICAL","MALIGNANCY, MALE REPRODUCTIVE SYSTEM, W CC",96.09,8.60,5.80,38.00
347.00,"12","MEDICAL","MALIGNANCY, MALE REPRODUCTIVE SYSTEM, W/O CC",50.16,4.10,2.70,35.00
348.00,"12","MEDICAL","BENIGN PROSTATIC HYPERTROPHY W CC",67.09,5.70,3.90,36.00
349.00,"12","MEDICAL","BENIGN PROSTATIC HYPERTROPHY W/O CC",40.49,3.10,2.30,20.00
350.00,"12","MEDICAL","INFLAMMATION OF THE MALE REPRODUCTIVE SYSTEM",67.31,6.00,4.90,28.00
351.00,"12","MEDICAL","STERILIZATION, MALE",32.93,4.30,1.30,5.00
352.00,"12","MEDICAL","OTHER MALE REPRODUCTIVE SYSTEM DIAGNOSES",58.38,4.70,3.30,35.00
353.00,"13","PROCEDURAL","PELVIC EVISCERATION, RADICAL HYSTERECTOMY & RADICAL VULVECTOMY",205.90,13.10,10.10,42.00
354.00,"13","PROCEDURAL","UTERINE,ADNEXA PROC FOR NON-OVARIAN/ADNEXAL MALIG W CC",139.09,8.80,7.20,33.00
355.00,"13","PROCEDURAL","UTERINE,ADNEXA PROC FOR NON-OVARIAN/ADNEXAL MALIG W/O CC",85.62,5.40,5.00,13.00
356.00,"13","PROCEDURAL","FEMALE REPRODUCTIVE SYSTEM RECONSTRUCTIVE PROCEDURES",70.76,4.70,4.10,17.00
357.00,"13","PROCEDURAL","UTERINE & ADNEXA PROC FOR OVARIAN OR ADNEXAL MALIGNANCY",221.67,12.70,10.20,42.00
358.00,"13","PROCEDURAL","UTERINE & ADNEXA PROC FOR NON-MALIGNANCY W CC",111.04,7.00,6.00,23.00
359.00,"13","PROCEDURAL","UTERINE & ADNEXA PROC FOR NON-MALIGNANCY W/O CC",78.23,4.90,4.60,12.00
360.00,"13","PROCEDURAL","VAGINA, CERVIX & VULVA PROCEDURES",77.57,5.50,4.10,30.00
361.00,"13","PROCEDURAL","LAPAROSCOPY & INCISIONAL TUBAL INTERRUPTION",85.12,5.30,3.30,35.00
362.00,"13","PROCEDURAL","ENDOSCOPIC TUBAL INTERRUPTION",49.21,0.00,1.40,5.00
363.00,"13","PROCEDURAL","D&C, CONIZATION & RADIO-IMPLANT, FOR MALIGNANCY",64.40,4.80,3.10,28.00
364.00,"13","PROCEDURAL","D&C, CONIZATION EXCEPT FOR MALIGNANCY",52.95,3.70,2.50,28.00
365.00,"13","PROCEDURAL","OTHER FEMALE REPRODUCTIVE SYSTEM O.R. PROCEDURES",168.78,11.00,7.40,39.00
366.00,"13","MEDICAL","MALIGNANCY, FEMALE REPRODUCTIVE SYSTEM W CC",116.81,10.20,6.60,39.00
367.00,"13","MEDICAL","MALIGNANCY, FEMALE REPRODUCTIVE SYSTEM W/O CC",49.53,4.30,2.90,35.00
368.00,"13","MEDICAL","INFECTIONS, FEMALE REPRODUCTIVE SYSTEM",92.33,7.80,6.00,38.00
369.00,"13","MEDICAL","MENSTRUAL & OTHER FEMALE REPRODUCTIVE SYSTEM DISORDERS",52.74,4.70,3.20,35.00
370.00,"14","PROCEDURAL","CESAREAN SECTION W CC",102.37,8.10,5.80,37.00
371.00,"14","PROCEDURAL","CESAREAN SECTION W/O CC",64.56,4.40,4.10,11.00
372.00,"14","MEDICAL","VAGINAL DELIVERY W COMPLICATING DIAGNOSES",52.35,4.90,3.30,30.00
373.00,"14","MEDICAL","VAGINAL DELIVERY W/O COMPLICATING DIAGNOSES",31.69,2.50,2.10,8.00
374.00,"14","PROCEDURAL","VAGINAL DELIVERY W STERILIZATION &/OR D&C",50.45,3.00,2.50,9.00
375.00,"14","PROCEDURAL","VAGINAL DELIVERY W O.R. PROC EXCEPT STERIL &/OR D&C",67.35,4.00,4.40,29.00
376.00,"14","MEDICAL","POSTPARTUM & POST ABORTION DIAGNOSES W/O O.R. PROCEDURE",37.64,3.70,2.50,23.00
377.00,"14","PROCEDURAL","POSTPARTUM & POST ABORTION DIAGNOSES W O.R. PROCEDURE",102.78,5.90,3.10,35.00
378.00,"14","MEDICAL","ECTOPIC PREGNANCY",75.32,4.30,3.90,14.00
379.00,"14","MEDICAL","THREATENED ABORTION",28.92,3.10,2.10,16.00
380.00,"14","MEDICAL","ABORTION W/O D&C",27.20,1.90,1.40,9.00
381.00,"14","PROCEDURAL","ABORTION W D&C, ASPIRATION CURETTAGE OR HYSTEROTOMY",38.27,2.10,1.60,11.00
382.00,"14","MEDICAL","FALSE LABOR",12.51,1.40,1.20,5.00
383.00,"14","MEDICAL","OTHER ANTEPARTUM DIAGNOSES W MEDICAL COMPLICATIONS",39.34,4.40,3.30,31.00
384.00,"14","MEDICAL","OTHER ANTEPARTUM DIAGNOSES W/O MEDICAL COMPLICATIONS",30.27,3.10,2.20,21.00
385.00,"15","NEITHER","NEONATES, DIED OR TRANSFERRED TO ANOTHER ACUTE CARE FACILITY",120.84,5.00,1.80,34.00
386.00,"15","NEITHER","EXTREME IMMATURITY OR RESPIRATORY DISTRESS SYNDROME, NEONATE",360.39,0.00,17.90,50.00
387.00,"15","NEITHER","PREMATURITY W MAJOR PROBLEMS",180.46,0.00,13.30,45.00
388.00,"15","NEITHER","PREMATURITY W/O MAJOR PROBLEMS",114.31,0.00,8.60,41.00
389.00,"15","NEITHER","FULL TERM NEONATE W MAJOR PROBLEMS",138.46,8.50,6.10,38.00
390.00,"15","NEITHER","NEONATE W OTHER SIGNIFICANT PROBLEMS",84.22,6.10,4.10,36.00
391.00,"15","NEITHER","NORMAL NEWBORN",21.91,2.00,3.10,11.00
392.00,"16","PROCEDURAL","SPLENECTOMY AGE >17",329.12,15.40,11.60,44.00
393.00,"16","PROCEDURAL","SPLENECTOMY AGE 0-17",150.22,11.00,9.10,41.00
394.00,"16","PROCEDURAL","OTHER O.R. PROCEDURES OF THE BLOOD AND BLOOD FORMING ORGANS",157.19,10.70,5.70,38.00
395.00,"16","MEDICAL","RED BLOOD CELL DISORDERS AGE >17",76.79,6.60,4.60,37.00
396.00,"16","MEDICAL","RED BLOOD CELL DISORDERS AGE 0-17",52.46,4.40,2.40,34.00
397.00,"16","MEDICAL","COAGULATION DISORDERS",121.28,7.70,5.50,37.00
398.00,"16","MEDICAL","RETICULOENDOTHELIAL & IMMUNITY DISORDERS W CC",120.80,8.70,6.60,39.00
399.00,"16","MEDICAL","RETICULOENDOTHELIAL & IMMUNITY DISORDERS W/O CC",66.61,5.50,4.00,36.00
400.00,"17","PROCEDURAL","LYMPHOMA & LEUKEMIA W MAJOR O.R. PROCEDURE",259.85,14.10,9.50,41.00
401.00,"17","PROCEDURAL","LYMPHOMA & NON-ACUTE LEUKEMIA W OTHER O.R. PROC W CC",225.10,15.20,10.30,42.00
402.00,"17","PROCEDURAL","LYMPHOMA & NON-ACUTE LEUKEMIA W OTHER O.R. PROC W/O CC",87.01,5.40,3.60,36.00
403.00,"17","MEDICAL","LYMPHOMA & NON-ACUTE LEUKEMIA W CC",161.25,12.00,8.10,40.00
404.00,"17","MEDICAL","LYMPHOMA & NON-ACUTE LEUKEMIA W/O CC",72.82,5.80,3.90,36.00
405.00,"17","NEITHER","ACUTE LEUKEMIA W/O MAJOR O.R. PROCEDURE AGE 0-17",102.81,13.00,4.90,37.00
406.00,"17","PROCEDURAL","MYELOPROLIF DISORD OR POORLY DIFF NEOPL W MAJ O.R.PROC W CC",265.66,14.90,10.90,43.00
407.00,"17","PROCEDURAL","MYELOPROLIF DISORD OR POORLY DIFF NEOPL W MAJ O.R.PROC W/O CC",115.19,6.70,5.30,37.00
408.00,"17","PROCEDURAL","MYELOPROLIF DISORD OR POORLY DIFF NEOPL W OTHER O.R.PROC",110.46,7.30,4.30,36.00
409.00,"17","MEDICAL","RADIOTHERAPY",100.94,9.80,6.40,38.00
410.00,"17","MEDICAL","CHEMOTHERAPY W/O ACUTE LEUKEMIA AS SECONDARY DIAGNOSIS",55.40,3.50,2.80,19.00
411.00,"17","MEDICAL","HISTORY OF MALIGNANCY W/O ENDOSCOPY",45.69,4.30,2.60,33.00
412.00,"17","MEDICAL","HISTORY OF MALIGNANCY W ENDOSCOPY",42.16,3.00,2.10,21.00
413.00,"17","MEDICAL","OTHER MYELOPROLIF DIS OR POORLY DIFF NEOPL DIAG W CC",132.99,11.10,7.50,40.00
414.00,"17","MEDICAL","OTHER MYELOPROLIF DIS OR POORLY DIFF NEOPL DIAG W/O CC",72.31,6.70,4.30,36.00
415.00,"18","PROCEDURAL","O.R. PROCEDURE FOR INFECTIOUS & PARASITIC DISEASES",360.42,21.00,14.90,47.00
416.00,"18","MEDICAL","SEPTICEMIA AGE >17",153.08,10.60,7.50,40.00
417.00,"18","MEDICAL","SEPTICEMIA AGE 0-17",103.15,6.30,5.10,37.00
418.00,"18","MEDICAL","POSTOPERATIVE & POST-TRAUMATIC INFECTIONS",95.85,8.50,6.50,39.00
419.00,"18","MEDICAL","FEVER OF UNKNOWN ORIGIN AGE >17 W CC",95.48,7.70,5.80,38.00
420.00,"18","MEDICAL","FEVER OF UNKNOWN ORIGIN AGE >17 W/O CC",64.84,5.60,4.50,30.00
421.00,"18","MEDICAL","VIRAL ILLNESS AGE >17",66.67,5.70,4.40,32.00
422.00,"18","MEDICAL","VIRAL ILLNESS & FEVER OF UNKNOWN ORIGIN AGE 0-17",59.16,5.50,4.00,33.00
423.00,"18","MEDICAL","OTHER INFECTIOUS & PARASITIC DISEASES DIAGNOSES",162.40,11.80,8.20,40.00
424.00,"19","PROCEDURAL","O.R. PROCEDURE W PRINCIPAL DIAGNOSES OF MENTAL ILLNESS",236.95,23.60,12.60,45.00
425.00,"19","MEDICAL","ACUTE ADJUST REACT & DISTURBANCES OF PSYCHOSOCIAL DYSFUNCTION",71.13,6.90,4.70,37.00
426.00,"19","MEDICAL","DEPRESSIVE NEUROSES",62.41,7.80,5.50,37.00
427.00,"19","MEDICAL","NEUROSES EXCEPT DEPRESSIVE",60.28,7.80,5.20,37.00
428.00,"19","MEDICAL","DISORDERS OF PERSONALITY & IMPULSE CONTROL",78.31,10.80,6.60,39.00
429.00,"19","MEDICAL","ORGANIC DISTURBANCES & MENTAL RETARDATION",93.42,12.30,7.60,40.00
430.00,"19","MEDICAL","PSYCHOSES",90.74,12.80,8.80,41.00
431.00,"19","MEDICAL","CHILDHOOD MENTAL DISORDERS",73.55,9.20,6.10,38.00
432.00,"19","MEDICAL","OTHER MENTAL DISORDER DIAGNOSES",69.60,6.90,4.30,36.00
433.00,"20","NEITHER","ALCOHOL/DRUG ABUSE OR DEPENDENCE, LEFT AMA",37.54,4.70,3.10,35.00
434.00,"20","NEITHER","ALC/DRUG ABUSE OR DEPEND, DETOX OR OTH SYMPT TREAT W CC",76.89,8.10,5.60,38.00
435.00,"20","NEITHER","ALC/DRUG ABUSE OR DEPEND, DETOX OR OTH SYMPT TREAT W/O CC",51.41,7.00,4.70,37.00
436.00,"20","NEITHER","ALC/DRUG DEPENDENCE W REHABILITATION THERAPY",107.82,19.20,16.40,48.00
437.00,"20","NEITHER","ALC/DRUG DEPENDENCE, COMBINED REHAB & DETOX THERAPY",117.75,17.60,15.10,47.00
438.00,"20","NEITHER","NO LONGER VALID",0.00,0.00,0.00,0.00
439.00,"21","PROCEDURAL","SKIN GRAFTS FOR INJURIES",152.67,11.80,6.50,38.00
440.00,"21","PROCEDURAL","WOUND DEBRIDEMENTS FOR INJURIES",184.92,13.90,8.40,40.00
441.00,"21","PROCEDURAL","HAND PROCEDURES FOR INJURIES",68.72,3.60,2.40,27.00
442.00,"21","PROCEDURAL","OTHER O.R. PROCEDURES FOR INJURIES W CC",193.77,10.40,6.20,38.00
443.00,"21","PROCEDURAL","OTHER O.R. PROCEDURES FOR INJURIES W/O CC",75.95,4.00,2.70,32.00
444.00,"21","MEDICAL","TRAUMATIC INJURY AGE >17 W CC",75.66,7.10,5.20,37.00
445.00,"21","MEDICAL","TRAUMATIC INJURY AGE >17 W/O CC",49.11,4.80,3.60,30.00
446.00,"21","MEDICAL","TRAUMATIC INJURY AGE 0-17",47.38,2.50,2.40,22.00
447.00,"21","MEDICAL","ALLERGIC REACTIONS AGE >17",47.76,3.60,2.60,24.00
448.00,"21","MEDICAL","ALLERGIC REACTIONS AGE 0-17",34.28,61.00,2.90,17.00
449.00,"21","MEDICAL","POISONING & TOXIC EFFECTS OF DRUGS AGE >17 W CC",78.67,6.00,4.20,36.00
450.00,"21","MEDICAL","POISONING & TOXIC EFFECTS OF DRUGS AGE >17 W/O CC",44.28,3.50,2.50,25.00
451.00,"21","MEDICAL","POISONING & TOXIC EFFECTS OF DRUGS AGE 0-17",51.26,3.00,2.10,17.00
452.00,"21","MEDICAL","COMPLICATIONS OF TREATMENT W CC",81.84,6.20,4.20,36.00
453.00,"21","MEDICAL","COMPLICATIONS OF TREATMENT W/O CC",41.77,3.80,2.80,25.00
454.00,"21","MEDICAL","OTHER INJURY, POISONING & TOXIC EFFECT DIAG W CC",90.96,7.50,4.40,36.00
455.00,"21","MEDICAL","OTHER INJURY, POISONING & TOXIC EFFECT DIAG W/O CC",41.87,3.70,2.50,25.00
456.00,"22","NEITHER","BURNS, TRANSFERRED TO ANOTHER ACUTE CARE FACILITY",201.98,11.50,5.60,38.00
457.00,"22","MEDICAL","EXTENSIVE BURNS W/O O.R. PROCEDURE",167.31,6.10,3.00,35.00
458.00,"22","PROCEDURAL","NON-EXTENSIVE BURNS W SKIN GRAFT",398.35,23.60,16.30,48.00
459.00,"22","PROCEDURAL","NON-EXTENSIVE BURNS W WOUND DEBRIDEMENT OR OTHER O.R. PROC",196.37,15.80,10.50,43.00
460.00,"22","MEDICAL","NON-EXTENSIVE BURNS W/O O.R. PROCEDURE",104.35,9.30,6.40,38.00
461.00,"23","PROCEDURAL","O.R. PROC W DIAGNOSES OF OTHER CONTACT W HEALTH SERVICES",82.68,5.10,2.50,34.00
462.00,"23","MEDICAL","REHABILITATION",183.46,18.50,14.20,46.00
463.00,"23","MEDICAL","SIGNS & SYMPTOMS W CC",72.97,6.90,5.00,37.00
464.00,"23","MEDICAL","SIGNS & SYMPTOMS W/O CC",44.95,4.20,3.10,28.00
465.00,"23","MEDICAL","AFTERCARE W HISTORY OF MALIGNANCY AS SECONDARY DIAGNOSIS",37.06,2.90,1.90,19.00
466.00,"23","MEDICAL","AFTERCARE W/O HISTORY OF MALIGNANCY AS SECONDARY DIAGNOSIS",56.93,5.50,2.60,35.00
467.00,"23","MEDICAL","OTHER FACTORS INFLUENCING HEALTH STATUS",43.03,5.10,2.50,35.00
468.00,"**","NEITHER","EXTENSIVE O.R. PROCEDURE UNRELATED TO PRINCIPAL DIAGNOSIS",342.38,19.50,13.30,45.00
469.00,"**","NEITHER","PRINCIPAL DIAGNOSIS INVALID AS DISCHARGE DIAGNOSIS",0.00,0.00,0.00,0.00
470.00,"**","NEITHER","UNGROUPABLE",0.00,0.00,0.00,0.00
471.00,"08","PROCEDURAL","BILATERAL OR MULTIPLE MAJOR JOINT PROCS OF LOWER EXTREMITY",396.23,15.80,13.30,45.00
472.00,"22","PROCEDURAL","EXTENSIVE BURNS W O.R. PROCEDURE",1395.63,37.70,22.80,55.00
473.00,"17","NEITHER","ACUTE LEUKEMIA W/O MAJOR O.R. PROCEDURE AGE >17",333.81,17.30,9.80,42.00
474.00,"04","NEITHER","NO LONGER VALID",0.00,0.00,0.00,0.00
475.00,"04","MEDICAL","RESPIRATORY SYSTEM DIAGNOSIS WITH VENTILATOR SUPPORT",360.94,14.30,9.80,42.00
476.00,"**","PROCEDURAL","PROSTATIC O.R. PROCEDURE UNRELATED TO PRINCIPAL DIAGNOSIS",221.75,17.80,14.30,46.00
477.00,"**","PROCEDURAL","NON-EXTENSIVE O.R. PROCEDURE UNRELATED TO PRINCIPAL DIAGNOSIS",143.38,10.70,6.10,38.00
478.00,"05","PROCEDURAL","OTHER VASCULAR PROCEDURES W CC",221.77,11.10,7.20,39.00
479.00,"05","PROCEDURAL","OTHER VASCULAR PROCEDURES W/O CC",132.59,5.90,4.40,36.00
480.00,"**","PROCEDURAL","LIVER TRANSPLANT",2282.13,51.80,36.60,69.00
481.00,"**","PROCEDURAL","BONE MARROW TRANSPLANT",1528.90,41.30,37.80,70.00
482.00,"**","PROCEDURAL","TRACHEOSTOMY W MOUTH, LARYNX OR PHARYNX DISORDER",317.95,17.90,13.50,45.00
483.00,"**","PROCEDURAL","TRACHEOSTOMY EXCEPT FOR MOUTH, LARYNX OR PHARYNX DISORDER",1415.06,52.20,39.90,72.00
484.00,"24","PROCEDURAL","CRANIOTOMY FOR MULTIPLE SIGNIFICANT TRAUMA",625.99,23.80,14.50,46.00
485.00,"24","PROCEDURAL","LIMB REATTACHMENT,HIP AND FEMUR PROC FOR MULTIPLE SIGN TRAUM",306.32,18.20,13.70,46.00
486.00,"24","PROCEDURAL","OTHER O.R. PROCEDURES FOR MULTIPLE SIGNIFICANT TRAUMA",524.91,19.00,11.10,43.00
487.00,"24","MEDICAL","OTHER MULTIPLE SIGNIFICANT TRAUMA",182.18,11.30,7.60,40.00
488.00,"25","PROCEDURAL","HIV W EXTENSIVE O.R. PROCEDURE",431.06,22.80,17.00,49.00
489.00,"25","MEDICAL","HIV W MAJOR RELATED CONDITION",197.90,14.30,9.60,42.00
490.00,"25","MEDICAL","HIV W OR W/O OTHER RELATED CONDITION",119.04,9.30,5.40,37.00
491.00,"08","PROCEDURAL","MAJOR JOINT & LIMB REATTACHMENT PROCEDURES OF UPPER EXTREMITY",156.33,7.00,5.80,33.00
492.00,"17","MEDICAL","CHEMOTHERAPY W ACUTE LEUKEMIA AS SECONDARY DIAGNOSIS",257.37,13.90,8.30,40.00
